{
    "connection": "local", 
    "tasks": [
      {
        "name": "attach volume ec2", 
        "ec2_vol": {
          "aws_secret_key": "M3tXkRrmQajlv2ef0OaX8tufNBI+54oKqQgkBtGf", 
          "aws_access_key": "AKIAI3DEZEGNKK3WTFFQ", 
          "region": "us-east-2", 
          "name": "test-volume-3-puneet",
          "delete_on_termination": "yes",
          "volume_size": "2",
          "state": "present",  
          "instance": "i-0b7ca4b790357709e" 
        }
      }
    ], 
    "hosts": "akhilaws"
  }