{
    "connection": "local", 
    "var": {
      "key": "value"
    },
    "tasks": [
      {
        "shell": "aws ec2 describe-volumes --region us-east-2 --filters Name=attachment.instance-id,Values=i-0b7ca4b790357709e Name=attachment.delete-on-termination,Values=true --query 'Volumes[1].{ID:VolumeId}' --output text", 
        "register": "volumeid"
      },
      {
        "ec2_vol": {
          "aws_secret_key": "M3tXkRrmQajlv2ef0OaX8tufNBI+54oKqQgkBtGf", 
          "instance": "None", 
          "aws_access_key": "AKIAI3DEZEGNKK3WTFFQ", 
          "region": "us-east-2", 
          "id": "{{ volumeid.stdout }}"
        }
      }, 
      {
        "ec2_vol": {
          "aws_secret_key": "M3tXkRrmQajlv2ef0OaX8tufNBI+54oKqQgkBtGf", 
          "instance": "i-0b7ca4b790357709e", 
          "aws_access_key": "AKIAI3DEZEGNKK3WTFFQ", 
          "region": "us-east-2", 
          "state": "absent", 
          "id": "{{ volumeid.stdout }}"
        }
      }
    ], 
    "hosts": "akhilaws"
  }